WORD,MPQA,OPENER,OL,VADER,ANNOTATION,RAW_AVG
ability,1.0,1.0,0.775,0.325,0.0,0.775
able,1.0,1.0,1.0,1.0,0.0,1.0
above,1.0,1.0,1.0,1.0,1.0,1.0
abrupt,-1.0,-1.0,-1.0,-1.0,-1.0,-1.0
absolute,0.0,0.0,0.0,0.0,0.0,0.0
absolutely,0.0,0.0,0.0,0.0,0.0,0.0
accident,-0.525,-0.525,-0.525,-0.525,0.0,-0.525
accomplished,0.7375,0.7375,1.0,0.475,1.0,0.7375
acknowledge,1.0,1.0,1.0,1.0,0.0,1.0
actual,0.0,0.0,0.0,0.0,0.0,0.0
actually,0.0,0.0,0.0,0.0,0.0,0.0
addict,-1.0,-1.0,-1.0,-1.0,1.0,-1.0
addicted,-1.0,-1.0,-1.0,-1.0,1.0,-1.0
adequate,1.0,1.0,1.0,0.225,1.0,0.80625
advanced,1.0,1.0,1.0,0.25,1.0,0.8125
advantage,1.0,1.0,1.0,0.25,1.0,0.8125
adversary,-1.0,-1.0,-1.0,-0.2,-1.0,-0.8
affect,0.0,0.0,0.0,0.0,0.0,0.0
afford,1.0,1.0,1.0,1.0,1.0,1.0
affordable,1.0,1.0,1.0,1.0,1.0,1.0
against,-1.0,-1.0,-1.0,-1.0,-1.0,-1.0
agree,1.0,1.0,0.7916666666666666,0.375,0.0,0.7916666666666666
agreed,0.275,0.275,0.275,0.275,0.0,0.275
air,0.0,0.0,0.0,0.0,0.0,0.0
allow,1.0,1.0,0.7416666666666667,0.225,0.0,0.7416666666666667
alone,-0.25,-0.25,-0.25,-0.25,0.0,-0.25
alright,0.25,0.25,0.25,0.25,1.0,0.25
although,-1.0,-1.0,-1.0,-1.0,0.0,-1.0
amazed,1.0,1.0,1.0,0.55,1.0,0.8875
amazing,1.0,1.0,1.0,0.7,1.0,0.925
amazingly,1.0,1.0,1.0,1.0,1.0,1.0
amazon,0.175,0.175,0.175,0.175,0.0,0.175
annoying,-1.0,-1.0,-1.0,-0.425,-1.0,-0.85625
anyway,0.0,0.0,0.0,0.0,0.0,0.0
anyways,0.0,0.0,0.0,0.0,0.0,0.0
apparently,0.0,0.0,0.0,0.0,0.0,0.0
appearance,0.0,0.0,0.0,0.0,0.0,0.0
appreciate,1.0,1.0,1.0,0.425,1.0,0.85625
approval,1.0,1.0,1.0,0.525,1.0,0.88125
aspire,1.0,1.0,1.0,1.0,1.0,1.0
assuring,0.7,0.7,1.0,0.4,1.0,0.7
astonishing,1.0,1.0,1.0,1.0,1.0,1.0
attachment,0.3,0.3,0.3,0.3,0.0,0.3
attest,1.0,1.0,1.0,1.0,1.0,1.0
attractive,1.0,1.0,1.0,0.475,1.0,0.86875
available,1.0,1.0,1.0,1.0,1.0,1.0
avid,1.0,1.0,1.0,0.3,1.0,0.825
avoid,-1.0,-1.0,-0.7666666666666666,-0.3,-1.0,-0.7666666666666666
aware,0.0,0.0,0.0,0.0,0.0,0.0
awe,1.0,1.0,1.0,1.0,1.0,1.0
awesome,1.0,1.0,1.0,0.775,1.0,0.94375
awful,-1.0,-1.0,-1.0,-0.5,-1.0,-0.875
baby,0.0,0.0,0.0,0.0,0.0,0.0
back,1.0,1.0,1.0,1.0,0.0,1.0
bad,-1.0,-1.0,-1.0,-0.625,-1.0,-0.90625
barely,-1.0,-1.0,-1.0,-1.0,-1.0,-1.0
bargain,1.0,1.0,1.0,0.2,1.0,0.8
basic,1.0,1.0,1.0,1.0,0.0,1.0
beast,-1.0,-1.0,-1.0,-1.0,1.0,-1.0
beautiful,1.0,1.0,1.0,0.725,1.0,0.93125
beautifully,1.0,1.0,1.0,0.675,1.0,0.91875
beauty,1.0,1.0,1.0,0.7,1.0,0.925
believe,0.0,0.0,0.0,0.0,0.0,0.0
benefits,1.0,1.0,1.0,0.4,1.0,0.85
besides,0.0,0.0,0.0,0.0,0.0,0.0
best,1.0,1.0,1.0,0.8,1.0,0.95
better,1.0,1.0,1.0,0.475,1.0,0.86875
beware,-1.0,-1.0,-1.0,-1.0,-1.0,-1.0
big,0.0,0.0,0.0,0.0,0.0,0.0
black,-1.0,-1.0,-1.0,-1.0,0.0,-1.0
blame,-1.0,-1.0,-1.0,-0.35,-1.0,-0.8375
block,-1.0,-1.0,-0.8250000000000001,-0.475,0.0,-0.8250000000000001
bloody,-1.0,-1.0,-1.0,-0.475,-1.0,-0.86875
bonus,1.0,1.0,1.0,0.625,1.0,0.90625
bother,-1.0,-1.0,-1.0,-0.35,-1.0,-0.8375
break,-1.0,-1.0,-1.0,-1.0,-1.0,-1.0
breaking,-1.0,-1.0,-1.0,-1.0,-1.0,-1.0
breaks,-1.0,-1.0,-1.0,-1.0,-1.0,-1.0
bright,1.0,1.0,1.0,0.475,1.0,0.86875
brightness,1.0,1.0,0.7999999999999999,0.4,0.0,0.7999999999999999
broad,1.0,1.0,1.0,1.0,0.0,1.0
broke,-1.0,-1.0,-1.0,-0.45,-1.0,-0.8625
broken,-0.7625,-0.7625,-1.0,-0.525,-1.0,-0.7625
bug,-1.0,-1.0,-1.0,-1.0,-1.0,-1.0
bummer,-0.4,-0.4,-0.4,-0.4,-1.0,-0.4
bumping,-1.0,-1.0,-1.0,-1.0,1.0,-1.0
burn,-1.0,-1.0,-1.0,-1.0,-1.0,-1.0
burned,-1.0,-1.0,-1.0,-1.0,-1.0,-1.0
burning,-1.0,-1.0,-1.0,-1.0,-1.0,-1.0
cancel,-0.25,-0.25,-0.25,-0.25,-1.0,-0.25
capable,1.0,1.0,1.0,0.4,1.0,0.85
care,1.0,1.0,0.85,0.55,-1.0,0.8500000000000001
cared,0.45,0.45,0.45,0.45,0.0,0.45
careful,1.0,1.0,0.7166666666666667,0.15,-1.0,0.7166666666666667
casual,0.2,0.2,0.2,0.2,0.0,0.2
certain,0.0,0.0,0.09166666666666667,0.275,0.0,0.09166666666666667
certainly,0.0,0.0,0.11666666666666665,0.35,0.0,0.11666666666666665
challenge,-1.0,-1.0,-0.6416666666666667,0.075,0.0,-0.6416666666666666
champion,1.0,1.0,1.0,0.725,1.0,0.93125
chance,0.25,0.25,0.25,0.25,0.0,0.25
charged,-0.2,-0.2,-0.2,-0.2,0.0,-0.2
charges,-0.275,-0.275,-0.275,-0.275,0.0,-0.275
charm,1.0,1.0,1.0,0.425,1.0,0.85625
cheap,-1.0,-1.0,-1.0,-1.0,0.0,-1.0
cheaper,1.0,1.0,1.0,1.0,0.0,1.0
cheapest,1.0,1.0,1.0,1.0,0.0,1.0
cheaply,-1.0,-1.0,-1.0,-1.0,-1.0,-1.0
claim,0.0,0.0,0.0,0.0,0.0,0.0
clarity,1.0,1.0,1.0,0.425,0.0,0.85625
clean,1.0,1.0,1.0,0.425,1.0,0.85625
clear,1.0,1.0,1.0,0.4,1.0,0.85
close,-1.0,-1.0,-1.0,-1.0,0.0,-1.0
cloud,-1.0,-1.0,-1.0,-1.0,0.0,-1.0
clunky,-1.0,-1.0,-1.0,-1.0,-1.0,-1.0
comfortable,1.0,1.0,1.0,0.575,1.0,0.89375
comment,0.0,0.0,0.0,0.0,0.0,0.0
compact,1.0,1.0,1.0,1.0,1.0,1.0
compatible,1.0,1.0,1.0,1.0,1.0,1.0
complain,-1.0,-1.0,-1.0,-0.375,-1.0,-0.84375
complaining,-1.0,-1.0,-1.0,-0.2,-1.0,-0.8
complains,-0.7,-0.7,-1.0,-0.4,-1.0,-0.7
complaint,-1.0,-1.0,-1.0,-0.3,-1.0,-0.825
complaints,-1.0,-1.0,-1.0,-0.425,-1.0,-0.85625
complete,0.0,0.0,0.0,0.0,0.0,0.0
completely,0.0,0.0,0.0,0.0,0.0,0.0
complicated,-1.0,-1.0,-1.0,-1.0,-1.0,-1.0
compliments,0.425,0.425,0.425,0.425,1.0,0.425
concern,-1.0,-1.0,-1.0,-1.0,-1.0,-1.0
concerned,-1.0,-1.0,-1.0,-1.0,-1.0,-1.0
confident,1.0,1.0,1.0,0.55,1.0,0.8875
cons,-1.0,-1.0,-1.0,-1.0,-1.0,-1.0
consider,0.0,0.0,0.0,0.0,0.0,0.0
continuous,0.0,0.0,0.0,0.0,0.0,0.0
convenient,1.0,1.0,1.0,1.0,1.0,1.0
cool,0.6625,0.6625,1.0,0.325,1.0,0.6625000000000001
correct,1.0,1.0,1.0,1.0,1.0,1.0
correctly,1.0,1.0,1.0,1.0,1.0,1.0
cost-effective,1.0,1.0,1.0,1.0,1.0,1.0
could,0.0,0.0,0.0,0.0,0.0,0.0
crack,-1.0,-1.0,-1.0,-1.0,-1.0,-1.0
crap,-0.7,-0.7,-1.0,-0.4,-1.0,-0.7
crash,-0.7125,-0.7125,-1.0,-0.425,-1.0,-0.7124999999999999
crashed,-1.0,-1.0,-1.0,-1.0,-1.0,-1.0
crashes,-1.0,-1.0,-1.0,-1.0,-1.0,-1.0
crashing,-1.0,-1.0,-1.0,-1.0,-1.0,-1.0
crazy,-1.0,-1.0,-1.0,-0.35,-1.0,-0.8375
create,0.275,0.275,0.275,0.275,0.0,0.275
created,0.25,0.25,0.25,0.25,0.0,0.25
creativity,0.4,0.4,0.4,0.4,0.0,0.4
credit,0.4,0.4,0.4,0.4,1.0,0.4
crisp,1.0,1.0,1.0,1.0,1.0,1.0
critical,-1.0,-1.0,-1.0,-0.325,-1.0,-0.83125
cut,-1.0,-1.0,-0.7583333333333333,-0.275,0.0,-0.7583333333333333
cutting,-0.125,-0.125,-0.125,-0.125,0.0,-0.125
damaged,-0.7375,-0.7375,-1.0,-0.475,-1.0,-0.7375
damn,-1.0,-1.0,-1.0,-0.425,0.0,-0.85625
dangerous,-1.0,-1.0,-1.0,-0.525,-1.0,-0.88125
dark,-1.0,-1.0,-1.0,-1.0,-1.0,-1.0
darker,-1.0,-1.0,-1.0,-1.0,-1.0,-1.0
dead,-1.0,-1.0,-1.0,-0.825,-1.0,-0.95625
deal,1.0,1.0,1.0,1.0,0.0,1.0
death,-1.0,-1.0,-1.0,-0.725,-1.0,-0.93125
decent,1.0,1.0,1.0,1.0,1.0,1.0
decrease,-1.0,-1.0,-1.0,-1.0,-1.0,-1.0
dedicated,1.0,1.0,1.0,0.5,1.0,0.875
defeats,0.3375,0.3375,1.0,-0.325,-1.0,0.3375
defect,-1.0,-1.0,-1.0,-0.35,-1.0,-0.8375
defective,-1.0,-1.0,-1.0,-0.475,-1.0,-0.86875
definitely,1.0,1.0,0.8083333333333332,0.425,0.0,0.8083333333333332
delay,-0.6625,-0.6625,-1.0,-0.325,-1.0,-0.6625000000000001
denied,-0.7375,-0.7375,-1.0,-0.475,-1.0,-0.7375
desired,0.275,0.275,0.275,0.275,1.0,0.275
despite,-1.0,-1.0,-1.0,-1.0,0.0,-1.0
die,-0.8625,-0.8625,-1.0,-0.725,-1.0,-0.8625
died,-0.825,-0.825,-1.0,-0.65,-1.0,-0.825
dies,-1.0,-1.0,-1.0,-1.0,-1.0,-1.0
difference,0.0,0.0,0.0,0.0,0.0,0.0
difficult,-1.0,-1.0,-1.0,-0.375,-1.0,-0.84375
difficulties,-1.0,-1.0,-1.0,-0.3,-1.0,-0.825
difficulty,-1.0,-1.0,-1.0,-0.35,-1.0,-0.8375
diminish,-1.0,-1.0,-1.0,-1.0,-1.0,-1.0
dirty,-1.0,-1.0,-1.0,-0.475,-1.0,-0.86875
disappoint,-1.0,-1.0,-1.0,-0.425,-1.0,-0.85625
disappointed,-1.0,-1.0,-1.0,-0.525,-1.0,-0.88125
disappointing,-1.0,-1.0,-1.0,-0.55,-1.0,-0.8875
disappointment,-1.0,-1.0,-1.0,-0.575,-1.0,-0.89375
disappointments,-0.75,-0.75,-1.0,-0.5,-1.0,-0.75
discontinued,-1.0,-1.0,-1.0,-1.0,-1.0,-1.0
dislike,-1.0,-1.0,-1.0,-0.4,-1.0,-0.85
dissappointed,-1.0,-1.0,-1.0,-1.0,-1.0,-1.0
dissatisfied,-1.0,-1.0,-1.0,-0.4,-1.0,-0.85
doa,-0.575,-0.575,-0.575,-0.575,-1.0,-0.575
doubt,-1.0,-1.0,-1.0,-0.375,-1.0,-0.84375
down,-1.0,-1.0,-1.0,-1.0,-1.0,-1.0
downfall,-1.0,-1.0,-1.0,-1.0,-1.0,-1.0
downside,-1.0,-1.0,-1.0,-0.25,-1.0,-0.8125
drawback,-1.0,-1.0,-1.0,-1.0,-1.0,-1.0
drive,1.0,1.0,1.0,1.0,0.0,1.0
drop,-0.275,-0.275,-0.275,-0.275,-1.0,-0.275
drown,-0.675,-0.675,-0.675,-0.675,-1.0,-0.675
dud,-1.0,-1.0,-1.0,-0.25,-1.0,-0.8125
dump,-1.0,-1.0,-1.0,-0.4,-1.0,-0.85
durability,1.0,1.0,1.0,1.0,0.0,1.0
durable,1.0,1.0,1.0,1.0,1.0,1.0
dust,-1.0,-1.0,-1.0,-1.0,0.0,-1.0
duty,0.0,0.0,0.0,0.0,0.0,0.0
ease,1.0,1.0,1.0,0.375,1.0,0.84375
easier,1.0,1.0,1.0,0.45,1.0,0.8625
easiest,1.0,1.0,1.0,0.45,1.0,0.8625
easily,1.0,1.0,0.7833333333333333,0.35,1.0,0.7833333333333333
easy,1.0,1.0,1.0,0.475,1.0,0.86875
edgy,-1.0,-1.0,-1.0,-1.0,1.0,-1.0
effective,1.0,1.0,1.0,0.525,1.0,0.88125
efficient,1.0,1.0,1.0,0.45,1.0,0.8625
effin,-0.575,-0.575,-0.575,-0.575,-1.0,-0.575
elegant,1.0,1.0,1.0,0.525,1.0,0.88125
else,0.0,0.0,0.0,0.0,0.0,0.0
enable,1.0,1.0,1.0,1.0,0.0,1.0
encourage,1.0,1.0,1.0,0.575,1.0,0.89375
enemies,-1.0,-1.0,-1.0,-0.55,-1.0,-0.8875
energy,0.275,0.275,0.275,0.275,0.0,0.275
enjoy,1.0,1.0,1.0,0.55,1.0,0.8875
enjoyable,1.0,1.0,1.0,0.475,1.0,0.86875
enjoyed,0.7875,0.7875,1.0,0.575,1.0,0.7875000000000001
enjoying,0.8,0.8,1.0,0.6,1.0,0.8
enough,0.0,0.0,1.0,0.3333333333333333,0.0,0.3333333333333333
enraged,-1.0,-1.0,-1.0,-0.425,-1.0,-0.85625
entertained,0.425,0.425,0.425,0.425,1.0,0.425
entire,0.0,0.0,0.0,0.0,0.0,0.0
envy,-1.0,-1.0,1.0,-0.275,-1.0,-0.31875
error,-1.0,-1.0,-1.0,-0.425,-1.0,-0.85625
errors,-0.675,-0.675,-1.0,-0.35,-1.0,-0.675
especially,1.0,1.0,1.0,1.0,0.0,1.0
essential,1.0,1.0,1.0,1.0,1.0,1.0
even,1.0,1.0,1.0,1.0,0.0,1.0
exact,0.0,0.0,0.0,0.0,0.0,0.0
exactly,0.0,0.0,0.0,0.0,0.0,0.0
exaggeration,-1.0,-1.0,-1.0,-1.0,-1.0,-1.0
exceeded,1.0,1.0,1.0,1.0,1.0,1.0
excel,1.0,1.0,1.0,0.5,0.0,0.875
excelent,1.0,1.0,1.0,1.0,1.0,1.0
excellent,1.0,1.0,1.0,0.675,1.0,0.91875
exceptional,1.0,1.0,1.0,1.0,1.0,1.0
excited,1.0,1.0,1.0,0.35,1.0,0.8375
excuses,-1.0,-1.0,-1.0,-1.0,-1.0,-1.0
exhaust,-1.0,-1.0,-1.0,-0.3,0.0,-0.825
expectation,0.0,0.0,0.0,0.0,0.0,0.0
expensive,-1.0,-1.0,-1.0,-1.0,-1.0,-1.0
expired,-1.0,-1.0,-1.0,-1.0,0.0,-1.0
exposed,-1.0,-1.0,-0.6916666666666668,-0.075,-1.0,-0.6916666666666668
extend,0.175,0.175,0.175,0.175,0.0,0.175
extremely,-1.0,-1.0,-1.0,-1.0,0.0,-1.0
fabulous,1.0,1.0,1.0,0.6,1.0,0.9
fact,0.0,0.0,0.0,0.0,0.0,0.0
fail,-1.0,-1.0,-1.0,-0.625,-1.0,-0.90625
failed,-0.7875,-0.7875,-1.0,-0.575,-1.0,-0.7875000000000001
failing,-1.0,-1.0,-1.0,-0.575,-1.0,-0.89375
fails,-0.725,-0.725,-1.0,-0.45,-1.0,-0.7250000000000001
fairly,1.0,1.0,1.0,1.0,0.0,1.0
fall,-1.0,-1.0,-1.0,-1.0,-1.0,-1.0
falling,-0.575,-0.575,-1.0,-0.15,-1.0,-0.575
fallout,-1.0,-1.0,-1.0,-1.0,0.0,-1.0
familiar,0.0,0.0,0.0,0.0,0.0,0.0
fan,0.325,0.325,0.325,0.325,0.0,0.325
fancy,1.0,1.0,1.0,1.0,1.0,1.0
fantastic,1.0,1.0,1.0,0.65,1.0,0.9125
fast,0.0,0.0,1.0,0.3333333333333333,1.0,0.3333333333333333
faster,1.0,1.0,1.0,1.0,1.0,1.0
fault,-1.0,-1.0,-1.0,-0.425,-1.0,-0.85625
faulty,-1.0,-1.0,-1.0,-0.325,-1.0,-0.83125
favor,1.0,1.0,1.0,0.425,1.0,0.85625
favorite,1.0,1.0,1.0,0.5,1.0,0.875
feel,0.0,0.0,0.0,0.0,0.0,0.0
feeling,0.0,0.0,0.04166666666666666,0.125,0.0,0.041666666666666664
feels,0.0,0.0,0.0,0.0,0.0,0.0
fell,-1.0,-1.0,-1.0,-1.0,-1.0,-1.0
felt,0.0,0.0,0.0,0.0,0.0,0.0
fighting,-0.375,-0.375,-0.375,-0.375,0.0,-0.375
finally,0.0,0.0,0.0,0.0,0.0,0.0
fine,0.0,0.0,1.0,0.2,1.0,0.3
fire,-0.35,-0.35,-0.35,-0.35,-1.0,-0.35
fired,-0.65,-0.65,-0.65,-0.65,0.0,-0.65
firmly,0.0,0.0,0.0,0.0,0.0,0.0
fit,1.0,1.0,0.7916666666666666,0.375,1.0,0.7916666666666666
flash,-1.0,-1.0,-1.0,-1.0,0.0,-1.0
flawlessly,1.0,1.0,1.0,0.2,1.0,0.8
flaws,-1.0,-1.0,-1.0,-1.0,-1.0,-1.0
focused,0.4,0.4,0.4,0.4,0.0,0.4
fool,-1.0,-1.0,-1.0,-0.475,-1.0,-0.86875
force,-1.0,-1.0,-1.0,-1.0,-1.0,-1.0
forced,-0.5,-0.5,-0.5,-0.5,-1.0,-0.5
forget,-1.0,-1.0,-0.7416666666666667,-0.225,0.0,-0.7416666666666667
forgivable,0.425,0.425,0.425,0.425,1.0,0.425
fortunately,1.0,1.0,1.0,1.0,1.0,1.0
fragile,-1.0,-1.0,-1.0,-1.0,-1.0,-1.0
freaking,-0.725,-0.725,-1.0,-0.45,-1.0,-0.7250000000000001
free,1.0,1.0,1.0,0.575,1.0,0.89375
freeze,-0.475,-0.475,-1.0,0.05,-1.0,-0.475
freezes,-0.5125,-0.5125,-1.0,-0.025,-1.0,-0.5125
freezing,-0.55,-0.55,-1.0,-0.1,-1.0,-0.55
fresh,1.0,1.0,1.0,0.325,1.0,0.83125
friction,-1.0,-1.0,-1.0,-1.0,-1.0,-1.0
friend,1.0,1.0,0.85,0.55,1.0,0.8500000000000001
friendly,1.0,1.0,1.0,0.55,1.0,0.8875
friends,1.0,1.0,0.8416666666666667,0.525,1.0,0.8416666666666667
froze,-1.0,-1.0,-1.0,-1.0,-1.0,-1.0
frustrated,-1.0,-1.0,-1.0,-0.6,-1.0,-0.9
frustrating,-1.0,-1.0,-1.0,-0.475,-1.0,-0.86875
full,0.0,0.0,0.0,0.0,0.0,0.0
fully,0.0,0.0,0.0,0.0,0.0,0.0
fun,0.0,0.0,1.0,0.575,1.0,0.39375
functional,1.0,1.0,1.0,1.0,1.0,1.0
funny,1.0,1.0,-1.0,0.475,1.0,0.36875
fuss,-1.0,-1.0,-1.0,-1.0,-1.0,-1.0
game,-1.0,-1.0,-1.0,-1.0,0.0,-1.0
geek,-0.2,-0.2,-0.2,-0.2,0.0,-0.2
generous,1.0,1.0,1.0,0.575,1.0,0.89375
genius,1.0,1.0,1.0,1.0,1.0,1.0
gestures,0.0,0.0,0.0,0.0,0.0,0.0
giant,0.0,0.0,0.0,0.0,0.0,0.0
giddy,1.0,1.0,-1.0,-0.15,1.0,0.2125
gift,0.475,0.475,0.475,0.475,0.0,0.475
giving,0.35,0.35,0.35,0.35,0.0,0.35
glad,1.0,1.0,1.0,0.5,1.0,0.875
gladly,1.0,1.0,1.0,0.35,1.0,0.8375
glare,-1.0,-1.0,-1.0,-1.0,-1.0,-1.0
glossy,1.0,1.0,1.0,1.0,-1.0,1.0
good,1.0,1.0,1.0,0.475,1.0,0.86875
gorgeous,1.0,1.0,1.0,0.75,1.0,0.9375
granted,0.25,0.25,0.25,0.25,0.0,0.25
great,1.0,1.0,1.0,0.775,1.0,0.94375
greatest,1.0,1.0,1.0,0.8,1.0,0.95
guarantee,1.0,1.0,1.0,0.25,1.0,0.8125
hack,-1.0,-1.0,-1.0,-1.0,-1.0,-1.0
hacked,-0.425,-0.425,-0.425,-0.425,-1.0,-0.425
hand,0.55,0.55,0.55,0.55,0.0,0.55
handy,1.0,1.0,1.0,1.0,1.0,1.0
hangs,-1.0,-1.0,-1.0,-1.0,-1.0,-1.0
happier,0.8,0.8,1.0,0.6,1.0,0.8
happy,1.0,1.0,1.0,0.675,1.0,0.91875
hard,-1.0,-1.0,-1.0,-0.1,-1.0,-0.775
hardly,-1.0,-1.0,-1.0,-1.0,-1.0,-1.0
hassle,-1.0,-1.0,-1.0,-1.0,-1.0,-1.0
hate,-1.0,-1.0,-1.0,-0.675,-1.0,-0.91875
hated,-0.9,-0.9,-1.0,-0.8,-1.0,-0.8999999999999999
hateful,-1.0,-1.0,-1.0,-0.55,-1.0,-0.8875
headache,-1.0,-1.0,-1.0,-1.0,-1.0,-1.0
headaches,-1.0,-1.0,-1.0,-1.0,-1.0,-1.0
heartily,1.0,1.0,1.0,1.0,1.0,1.0
heck,-1.0,-1.0,-1.0,-1.0,-1.0,-1.0
help,1.0,1.0,0.8083333333333332,0.425,1.0,0.8083333333333332
helped,1.0,1.0,1.0,1.0,1.0,1.0
helpful,1.0,1.0,1.0,0.45,1.0,0.8625
helping,0.65,0.65,1.0,0.3,1.0,0.6499999999999999
helps,0.4,0.4,0.4,0.4,1.0,0.4
hesitate,-0.275,-0.275,-0.275,-0.275,-1.0,-0.275
hide,-0.175,-0.175,-0.175,-0.175,-1.0,-0.175
high,0.0,0.0,0.0,0.0,0.0,0.0
hollow,-1.0,-1.0,-1.0,-1.0,-1.0,-1.0
honest,1.0,1.0,1.0,0.575,1.0,0.89375
honestly,1.0,1.0,0.8333333333333334,0.5,1.0,0.8333333333333334
hope,1.0,1.0,0.8250000000000001,0.475,1.0,0.8250000000000001
hoped,0.4,0.4,0.4,0.4,0.0,0.4
hoping,0.45,0.45,0.45,0.45,0.0,0.45
horrible,-1.0,-1.0,-1.0,-0.625,-1.0,-0.90625
hot,1.0,1.0,1.0,1.0,-1.0,1.0
however,0.0,0.0,0.0,0.0,0.0,0.0
huge,0.0,0.0,0.10833333333333334,0.325,0.0,0.10833333333333334
hung,-1.0,-1.0,-1.0,-1.0,-1.0,-1.0
hurt,-1.0,-1.0,-1.0,-0.6,-1.0,-0.9
idea,0.0,0.0,0.0,0.0,0.0,0.0
ideal,1.0,1.0,1.0,0.6,1.0,0.9
idiots,-1.0,-1.0,-1.0,-1.0,-1.0,-1.0
idk,-0.1,-0.1,-0.1,-0.1,-1.0,-0.1
ignorant,-1.0,-1.0,-1.0,-0.275,-1.0,-0.81875
imagine,0.0,0.0,0.0,0.0,0.0,0.0
immediate,0.0,0.0,0.0,0.0,0.0,0.0
immediately,0.0,0.0,0.0,0.0,0.0,0.0
implore,0.0,0.0,0.0,0.0,0.0,0.0
important,1.0,1.0,1.0,0.2,1.0,0.8
impossible,-1.0,-1.0,-1.0,-1.0,-1.0,-1.0
impressed,0.7625,0.7625,1.0,0.525,1.0,0.7625
impressions,1.0,1.0,0.7416666666666667,0.225,0.0,0.7416666666666667
impressive,1.0,1.0,1.0,0.575,1.0,0.89375
impressively,1.0,1.0,1.0,0.5,1.0,0.875
improvement,1.0,1.0,1.0,0.5,1.0,0.875
improvements,0.6625,0.6625,1.0,0.325,1.0,0.6625000000000001
improving,1.0,1.0,1.0,0.45,1.0,0.8625
incompatible,-1.0,-1.0,-1.0,-1.0,-1.0,-1.0
inconvenience,-1.0,-1.0,-1.0,-0.375,-1.0,-0.84375
incorrect,-1.0,-1.0,-1.0,-1.0,-1.0,-1.0
increase,0.325,0.325,0.325,0.325,1.0,0.325
incredible,1.0,1.0,1.0,1.0,1.0,1.0
incredibly,1.0,1.0,1.0,1.0,1.0,1.0
indeed,0.0,0.0,0.0,0.0,0.0,0.0
indication,0.0,0.0,0.0,0.0,0.0,0.0
inept,-1.0,-1.0,-1.0,-1.0,-1.0,-1.0
inevitably,-1.0,-1.0,-1.0,-1.0,-1.0,-1.0
inexpensive,1.0,1.0,1.0,1.0,1.0,1.0
influence,0.0,0.0,0.0,0.0,0.0,0.0
inherent,0.0,0.0,0.0,0.0,0.0,0.0
innovation,1.0,1.0,1.0,0.4,1.0,0.85
insane,-1.0,-1.0,-1.0,-0.425,1.0,-0.85625
insanity,-1.0,-1.0,-1.0,-0.675,-1.0,-0.91875
instantly,1.0,1.0,1.0,1.0,0.0,1.0
integral,1.0,1.0,1.0,1.0,1.0,1.0
interest,1.0,1.0,0.8333333333333334,0.5,1.0,0.8333333333333334
interested,1.0,1.0,0.8083333333333332,0.425,1.0,0.8083333333333332
interesting,1.0,1.0,1.0,0.425,1.0,0.85625
intuitive,1.0,1.0,1.0,1.0,1.0,1.0
invalidate,-1.0,-1.0,-1.0,-1.0,-1.0,-1.0
isolation,-1.0,-1.0,-1.0,-0.425,0.0,-0.85625
isolator,-0.1,-0.1,-0.1,-0.1,0.0,-0.1
issue,-1.0,-1.0,-1.0,-1.0,-1.0,-1.0
issues,-1.0,-1.0,-1.0,-1.0,-1.0,-1.0
joke,1.0,1.0,-1.0,0.3,-1.0,0.325
joy,1.0,1.0,1.0,0.7,1.0,0.925
joystick,0.175,0.175,0.175,0.175,0.0,0.175
junk,-1.0,-1.0,-1.0,-1.0,-1.0,-1.0
just,1.0,1.0,1.0,1.0,0.0,1.0
key,0.0,0.0,0.0,0.0,0.0,0.0
kidding,0.1,0.1,0.1,0.1,0.0,0.1
killer,-1.0,-1.0,-1.0,-0.825,1.0,-0.95625
kind,1.0,1.0,0.8666666666666667,0.6,0.0,0.8666666666666667
knew,0.0,0.0,0.0,0.0,0.0,0.0
know,0.0,0.0,0.0,0.0,0.0,0.0
lack,-1.0,-1.0,-1.0,-0.325,-1.0,-0.83125
lacking,-1.0,-1.0,-1.0,-1.0,-1.0,-1.0
lag,-1.0,-1.0,-1.0,-0.35,-1.0,-0.8375
lags,-0.6875,-0.6875,-1.0,-0.375,-1.0,-0.6875
lame,-1.0,-1.0,-1.0,-0.45,-1.0,-0.8625
large,0.5,0.5,0.5,0.5,0.0,0.5
leading,1.0,1.0,1.0,1.0,1.0,1.0
learn,0.0,0.0,0.0,0.0,0.0,0.0
learned,1.0,1.0,1.0,1.0,0.0,1.0
learning,1.0,1.0,1.0,1.0,0.0,1.0
least,-1.0,-1.0,-1.0,-1.0,0.0,-1.0
led,1.0,1.0,1.0,1.0,0.0,1.0
lemon,-1.0,-1.0,-1.0,-1.0,-1.0,-1.0
less,-1.0,-1.0,-1.0,-1.0,-1.0,-1.0
lie,-1.0,-1.0,-1.0,-1.0,-1.0,-1.0
light,1.0,1.0,1.0,1.0,1.0,1.0
lighter,1.0,1.0,1.0,1.0,1.0,1.0
like,1.0,1.0,1.0,0.375,1.0,0.84375
liked,0.725,0.725,1.0,0.45,1.0,0.7250000000000001
likely,0.0,0.0,0.0,0.0,0.0,0.0
likes,0.725,0.725,1.0,0.45,1.0,0.7250000000000001
liking,1.0,1.0,1.0,0.425,0.0,0.85625
limited,-1.0,-1.0,-1.0,-0.225,-1.0,-0.80625
little,-1.0,-1.0,-1.0,-1.0,0.0,-1.0
live,1.0,1.0,1.0,1.0,0.0,1.0
lol,0.5875,0.5875,0.5875,0.5875,1.0,0.5875
long,-1.0,-1.0,-1.0,-1.0,0.0,-1.0
look,0.0,0.0,0.0,0.0,0.0,0.0
looking,0.0,0.0,0.0,0.0,0.0,0.0
loose,-0.6625,-0.6625,-1.0,-0.325,-1.0,-0.6625000000000001
lose,-1.0,-1.0,-1.0,-0.425,-1.0,-0.85625
loss,-1.0,-1.0,-1.0,-0.325,-1.0,-0.83125
losses,-0.7125,-0.7125,-1.0,-0.425,-1.0,-0.7124999999999999
lost,-1.0,-1.0,-1.0,-0.325,-1.0,-0.83125
loud,-1.0,-1.0,-1.0,-1.0,0.0,-1.0
louder,-1.0,-1.0,-1.0,-1.0,0.0,-1.0
love,1.0,1.0,1.0,0.8,1.0,0.95
loved,0.8625,0.8625,1.0,0.725,1.0,0.8625
loves,0.8375,0.8375,1.0,0.675,1.0,0.8374999999999999
loving,0.8625,0.8625,1.0,0.725,1.0,0.8625
low,-1.0,-1.0,-0.7583333333333333,-0.275,0.0,-0.7583333333333333
lower,-0.3,-0.3,-0.3,-0.3,0.0,-0.3
loyal,1.0,1.0,1.0,0.525,1.0,0.88125
luck,1.0,1.0,1.0,0.5,1.0,0.875
luxury,1.0,1.0,1.0,1.0,1.0,1.0
magnetic,1.0,1.0,1.0,1.0,0.0,1.0
major,0.0,0.0,0.0,0.0,0.0,0.0
massive,0.0,0.0,0.0,0.0,0.0,0.0
masterpiece,1.0,1.0,1.0,0.775,1.0,0.94375
matte,-1.0,-1.0,-1.0,-1.0,0.0,-1.0
matter,0.0,0.0,0.008333333333333333,0.025,0.0,0.008333333333333333
matters,0.025,0.025,0.025,0.025,0.0,0.025
maybe,0.0,0.0,0.0,0.0,0.0,0.0
mean,-0.5,-0.5,-0.5,-0.5,0.0,-0.5
meh,-0.075,-0.075,-0.075,-0.075,0.0,-0.075
mere,-1.0,-1.0,-1.0,-1.0,-1.0,-1.0
messy,-1.0,-1.0,-1.0,-0.375,-1.0,-0.84375
might,0.5,0.5,0.5,0.5,0.0,0.5
mild,1.0,1.0,1.0,1.0,1.0,1.0
mind,-1.0,-1.0,-1.0,-1.0,0.0,-1.0
minor,0.0,0.0,0.0,0.0,0.0,0.0
miscellaneous,-1.0,-1.0,-1.0,-1.0,0.0,-1.0
mistake,-1.0,-1.0,-1.0,-0.35,-1.0,-0.8375
modern,1.0,1.0,1.0,1.0,1.0,1.0
moon,-1.0,-1.0,-1.0,-1.0,0.0,-1.0
most,0.0,0.0,0.0,0.0,0.0,0.0
mostly,0.0,0.0,0.0,0.0,0.0,0.0
move,0.0,0.0,0.0,0.0,0.0,0.0
moving,1.0,1.0,1.0,1.0,0.0,1.0
much,0.0,0.0,0.0,0.0,0.0,0.0
must,0.0,0.0,0.0,0.0,0.0,0.0
nasty,-1.0,-1.0,-1.0,-0.65,-1.0,-0.9125
nature,0.0,0.0,0.0,0.0,0.0,0.0
necessary,1.0,1.0,1.0,1.0,1.0,1.0
need,-0.5,-0.5,-0.5,-0.5,0.0,-0.5
needless,-1.0,-1.0,-1.0,-1.0,-1.0,-1.0
needs,0.0,0.0,0.0,0.0,0.0,0.0
negative,-1.0,-1.0,-1.0,-0.675,-1.0,-0.91875
negligible,-1.0,-1.0,-1.0,-1.0,0.0,-1.0
nervous,-1.0,-1.0,-1.0,-0.275,-1.0,-0.81875
nice,1.0,1.0,1.0,0.45,1.0,0.8625
nicely,1.0,1.0,1.0,0.475,1.0,0.86875
nicest,0.775,0.775,1.0,0.55,1.0,0.7749999999999999
nightmare,-1.0,-1.0,-1.0,-1.0,-1.0,-1.0
no,-0.3,-0.3,-0.3,-0.3,-1.0,-0.3
noise,-1.0,-1.0,-1.0,-1.0,-1.0,-1.0
noises,-1.0,-1.0,-1.0,-1.0,-1.0,-1.0
noisy,-1.0,-1.0,-1.0,-0.175,-1.0,-0.79375
normal,1.0,1.0,1.0,1.0,0.0,1.0
nuisance,-1.0,-1.0,-1.0,-1.0,-1.0,-1.0
number,0.075,0.075,0.075,0.075,0.0,0.075
objection,-1.0,-1.0,-1.0,-1.0,-1.0,-1.0
obsessed,-0.175,-0.175,-0.175,-0.175,1.0,-0.175
obtrusive,-1.0,-1.0,-1.0,-1.0,-1.0,-1.0
obviously,-1.0,-1.0,-1.0,-1.0,0.0,-1.0
odd,-1.0,-1.0,-1.0,-0.325,-1.0,-0.83125
oddities,-1.0,-1.0,-1.0,-1.0,-1.0,-1.0
offline,-0.125,-0.125,-0.125,-0.125,0.0,-0.125
oh,0.0,0.0,0.0,0.0,0.0,0.0
ok,0.35,0.35,0.35,0.35,0.0,0.35
open,1.0,1.0,1.0,1.0,0.0,1.0
opinion,0.0,0.0,0.0,0.0,0.0,0.0
opportunity,1.0,1.0,0.8166666666666668,0.45,0.0,0.8166666666666668
outstanding,1.0,1.0,1.0,0.75,1.0,0.9375
overcome,-1.0,-1.0,-1.0,-1.0,0.0,-1.0
pain,-1.0,-1.0,-1.0,-0.575,-1.0,-0.89375
painful,-1.0,-1.0,-1.0,-0.475,-1.0,-0.86875
painless,1.0,1.0,1.0,0.3,1.0,0.825
particular,0.0,0.0,0.0,0.0,0.0,0.0
particularly,0.0,0.0,0.0,0.0,0.0,0.0
party,0.425,0.425,0.425,0.425,0.0,0.425
pay,-0.1,-0.1,-0.1,-0.1,0.0,-0.1
perfect,1.0,1.0,1.0,0.675,1.0,0.91875
perfectly,1.0,1.0,1.0,0.8,1.0,0.95
perhaps,0.0,0.0,0.0,0.0,0.0,0.0
plain,1.0,1.0,1.0,1.0,1.0,1.0
play,0.35,0.35,0.35,0.35,0.0,0.35
played,0.35,0.35,0.35,0.35,0.0,0.35
player,0.0,0.0,0.0,0.0,0.0,0.0
playing,0.2,0.2,0.2,0.2,0.0,0.2
plays,0.25,0.25,0.25,0.25,0.0,0.25
pleasant,1.0,1.0,1.0,0.575,1.0,0.89375
pleasantly,1.0,1.0,1.0,0.525,1.0,0.88125
please,1.0,1.0,0.775,0.325,0.0,0.775
pleased,1.0,1.0,1.0,0.475,1.0,0.86875
pleasing,1.0,1.0,1.0,0.6,1.0,0.9
pleasure,1.0,1.0,1.0,0.675,1.0,0.91875
plenty,1.0,1.0,1.0,1.0,1.0,1.0
pluses,1.0,1.0,1.0,1.0,1.0,1.0
point,0.0,0.0,0.0,0.0,0.0,0.0
poor,-1.0,-1.0,-1.0,-0.525,-1.0,-0.88125
poorly,-1.0,-1.0,-1.0,-1.0,-1.0,-1.0
portable,1.0,1.0,1.0,1.0,1.0,1.0
positive,1.0,1.0,1.0,0.65,1.0,0.9125
possible,0.0,0.0,0.0,0.0,0.0,0.0
power,0.0,0.0,0.0,0.0,0.0,0.0
powerful,1.0,1.0,1.0,0.45,1.0,0.8625
powerless,-1.0,-1.0,-1.0,-0.55,-1.0,-0.8875
practically,0.0,0.0,0.0,0.0,0.0,0.0
pray,0.0,0.0,0.10833333333333334,0.325,0.0,0.10833333333333334
prefer,1.0,1.0,1.0,1.0,1.0,1.0
premium,1.0,1.0,1.0,1.0,1.0,1.0
press,1.0,1.0,1.0,1.0,0.0,1.0
pressured,-0.225,-0.225,-0.225,-0.225,-1.0,-0.225
pretty,1.0,1.0,1.0,0.55,1.0,0.8875
pricey,-1.0,-1.0,-1.0,-1.0,-1.0,-1.0
primary,0.0,0.0,0.0,0.0,0.0,0.0
prime,0.0,0.0,0.0,0.0,0.0,0.0
pro,1.0,1.0,1.0,1.0,0.0,1.0
problem,-1.0,-1.0,-1.0,-0.425,-1.0,-0.85625
problematic,-1.0,-1.0,-1.0,-0.475,-1.0,-0.86875
problems,-1.0,-1.0,-1.0,-0.425,-1.0,-0.85625
promise,1.0,1.0,1.0,0.325,1.0,0.83125
proper,1.0,1.0,1.0,1.0,1.0,1.0
properly,1.0,1.0,1.0,1.0,1.0,1.0
proprietary,-1.0,-1.0,-1.0,-1.0,0.0,-1.0
pros,1.0,1.0,1.0,1.0,1.0,1.0
protector,1.0,1.0,1.0,1.0,0.0,1.0
proving,1.0,1.0,1.0,1.0,0.0,1.0
pure,1.0,1.0,1.0,1.0,1.0,1.0
qualify,1.0,1.0,1.0,1.0,0.0,1.0
qualms,-1.0,-1.0,-1.0,-1.0,-1.0,-1.0
quick,0.0,0.0,0.0,0.0,1.0,0.0
quicker,1.0,1.0,1.0,1.0,1.0,1.0
quiet,0.0,0.0,1.0,0.3333333333333333,1.0,0.3333333333333333
quit,-1.0,-1.0,-1.0,-1.0,0.0,-1.0
quite,0.0,0.0,0.0,0.0,0.0,0.0
rare,0.0,0.0,0.0,0.0,0.0,0.0
rarely,0.0,0.0,0.0,0.0,0.0,0.0
rather,0.0,0.0,0.0,0.0,0.0,0.0
reach,0.025,0.025,0.025,0.025,0.0,0.025
reaches,0.05,0.05,0.05,0.05,0.0,0.05
reaction,0.0,0.0,0.0,0.0,0.0,0.0
ready,1.0,1.0,1.0,0.375,1.0,0.84375
real,1.0,1.0,1.0,1.0,1.0,1.0
realistic,1.0,1.0,1.0,1.0,1.0,1.0
really,0.0,0.0,0.0,0.0,0.0,0.0
reason,1.0,1.0,1.0,1.0,0.0,1.0
reasonable,1.0,1.0,1.0,1.0,1.0,1.0
reasonably,1.0,1.0,1.0,1.0,1.0,1.0
recognition,1.0,1.0,1.0,1.0,0.0,1.0
recomend,1.0,1.0,1.0,1.0,1.0,1.0
recommend,1.0,1.0,1.0,0.375,1.0,0.84375
recommended,1.0,1.0,1.0,0.2,1.0,0.8
recovery,1.0,1.0,1.0,1.0,0.0,1.0
refund,1.0,1.0,1.0,1.0,0.0,1.0
refused,-0.65,-0.65,-1.0,-0.3,-1.0,-0.6499999999999999
regardless,0.0,0.0,0.0,0.0,0.0,0.0
regret,-1.0,-1.0,-1.0,-0.45,-1.0,-0.8625
regrets,-0.6875,-0.6875,-1.0,-0.375,-1.0,-0.6875
regretted,-0.7,-0.7,-1.0,-0.4,-1.0,-0.7
relax,1.0,1.0,0.8250000000000001,0.475,1.0,0.8250000000000001
reliability,1.0,1.0,1.0,1.0,1.0,1.0
reliable,1.0,1.0,1.0,1.0,1.0,1.0
repair,1.0,1.0,1.0,1.0,-1.0,1.0
reputation,1.0,1.0,1.0,1.0,0.0,1.0
resolve,1.0,1.0,0.7999999999999999,0.4,0.0,0.7999999999999999
resolved,1.0,1.0,0.725,0.175,1.0,0.725
responsive,1.0,1.0,1.0,0.375,1.0,0.84375
restricted,-1.0,-1.0,-1.0,-0.4,-1.0,-0.85
rich,1.0,1.0,1.0,0.65,1.0,0.9125
ridiculous,-1.0,-1.0,-1.0,-0.375,-1.0,-0.84375
ridiculously,-1.0,-1.0,-1.0,-0.35,-1.0,-0.8375
right,1.0,1.0,1.0,1.0,1.0,1.0
robust,1.0,1.0,1.0,0.35,1.0,0.8375
rough,-1.0,-1.0,-1.0,-1.0,-1.0,-1.0
safety,0.45,0.45,0.45,0.45,0.0,0.45
sarcasm,-1.0,-1.0,-1.0,-0.225,-1.0,-0.80625
satisfactory,1.0,1.0,1.0,0.375,1.0,0.84375
satisfied,0.725,0.725,1.0,0.45,1.0,0.7250000000000001
satisfy,1.0,1.0,1.0,0.5,1.0,0.875
save,0.55,0.55,0.55,0.55,0.0,0.55
saved,0.45,0.45,0.45,0.45,0.0,0.45
savvy,1.0,1.0,1.0,1.0,1.0,1.0
scary,-1.0,-1.0,-1.0,-0.55,-1.0,-0.8875
scratches,-1.0,-1.0,-1.0,-1.0,-1.0,-1.0
screams,-0.3,-0.3,-0.3,-0.3,0.0,-0.3
screw,-1.0,-1.0,-0.7000000000000001,-0.1,-1.0,-0.7000000000000001
screwed,-0.775,-0.775,-1.0,-0.55,-1.0,-0.7749999999999999
screws,-0.25,-0.25,-0.25,-0.25,0.0,-0.25
seamless,1.0,1.0,1.0,1.0,1.0,1.0
secure,1.0,1.0,1.0,0.35,1.0,0.8375
securely,1.0,1.0,1.0,0.35,1.0,0.8375
security,1.0,1.0,0.7833333333333333,0.35,0.0,0.7833333333333333
seem,0.0,0.0,0.0,0.0,0.0,0.0
sensational,1.0,1.0,1.0,1.0,1.0,1.0
sense,1.0,1.0,1.0,1.0,1.0,1.0
sensitive,1.0,1.0,1.0,1.0,1.0,1.0
sensitivity,1.0,1.0,1.0,1.0,0.0,1.0
serious,-1.0,-1.0,-0.6916666666666668,-0.075,1.0,-0.6916666666666668
seriously,-1.0,-1.0,-0.725,-0.175,0.0,-0.725
set-up,-1.0,-1.0,-1.0,-1.0,0.0,-1.0
shame,-1.0,-1.0,-1.0,-0.525,-1.0,-0.88125
share,0.3,0.3,0.3,0.3,0.0,0.3
sharp,-1.0,-1.0,1.0,-0.3333333333333333,1.0,-0.3333333333333333
shattered,-0.525,-0.525,-0.525,-0.525,-1.0,-0.525
sheer,-1.0,-1.0,-1.0,-1.0,-1.0,-1.0
shine,1.0,1.0,1.0,1.0,1.0,1.0
shiny,1.0,1.0,1.0,1.0,1.0,1.0
shit,-0.825,-0.825,-1.0,-0.65,-1.0,-0.825
shocked,-0.6625,-0.6625,-1.0,-0.325,0.0,-0.6625000000000001
shockingly,-1.0,-1.0,-1.0,-0.175,0.0,-0.79375
should,0.0,0.0,0.0,0.0,0.0,0.0
show,0.0,0.0,0.0,0.0,0.0,0.0
signals,0.0,0.0,0.0,0.0,0.0,0.0
simple,1.0,1.0,1.0,1.0,1.0,1.0
simply,0.0,0.0,0.0,0.0,0.0,0.0
sleek,1.0,1.0,1.0,1.0,1.0,1.0
slick,1.0,1.0,1.0,1.0,1.0,1.0
slim,1.0,1.0,1.0,1.0,1.0,1.0
slow,-1.0,-1.0,-1.0,-1.0,-1.0,-1.0
slower,-1.0,-1.0,-1.0,-1.0,-1.0,-1.0
slowly,-1.0,-1.0,-1.0,-1.0,-1.0,-1.0
smooth,1.0,1.0,1.0,1.0,1.0,1.0
smoother,1.0,1.0,1.0,1.0,1.0,1.0
smoothly,1.0,1.0,1.0,1.0,1.0,1.0
so,0.0,0.0,0.0,0.0,0.0,0.0
soft,1.0,1.0,1.0,1.0,1.0,1.0
solid,1.0,1.0,1.0,0.15,1.0,0.7875
solve,0.2,0.2,0.2,0.2,0.0,0.2
solved,0.275,0.275,0.275,0.275,0.0,0.275
sophisticated,1.0,1.0,1.0,0.65,1.0,0.9125
sorry,-1.0,-1.0,-1.0,-0.075,-1.0,-0.76875
sound,1.0,1.0,1.0,1.0,0.0,1.0
special,1.0,1.0,0.8083333333333332,0.425,1.0,0.8083333333333332
specific,0.0,0.0,0.0,0.0,0.0,0.0
spectacular,1.0,1.0,1.0,1.0,1.0,1.0
speedy,1.0,1.0,1.0,1.0,1.0,1.0
split,-1.0,-1.0,-1.0,-1.0,-1.0,-1.0
stability,1.0,1.0,1.0,1.0,1.0,1.0
stand,1.0,1.0,1.0,1.0,1.0,1.0
stands,0.0,0.0,0.0,0.0,0.0,0.0
star,1.0,1.0,1.0,1.0,0.0,1.0
stars,1.0,1.0,1.0,1.0,0.0,1.0
steady,1.0,1.0,1.0,1.0,1.0,1.0
stellar,1.0,1.0,1.0,1.0,1.0,1.0
still,0.0,0.0,0.0,0.0,0.0,0.0
stinks,-0.625,-0.625,-1.0,-0.25,-1.0,-0.625
stopped,-0.225,-0.225,-0.225,-0.225,-1.0,-0.225
stops,-0.15,-0.15,-0.15,-0.15,-1.0,-0.15
strength,0.0,0.0,0.18333333333333326,0.55,0.0,0.18333333333333332
strengths,0.425,0.425,0.425,0.425,1.0,0.425
strong,1.0,1.0,1.0,0.575,1.0,0.89375
stuck,-0.625,-0.625,-1.0,-0.25,-1.0,-0.625
stunning,1.0,1.0,1.0,0.4,1.0,0.85
sturdy,1.0,1.0,1.0,1.0,1.0,1.0
stylish,1.0,1.0,1.0,1.0,1.0,1.0
sub-par,-1.0,-1.0,-1.0,-1.0,-1.0,-1.0
substantial,1.0,1.0,0.7333333333333334,0.2,1.0,0.7333333333333334
substantive,1.0,1.0,1.0,1.0,1.0,1.0
successfully,1.0,1.0,1.0,0.55,1.0,0.8875
such,0.0,0.0,0.0,0.0,0.0,0.0
sucks,-0.6875,-0.6875,-1.0,-0.375,-1.0,-0.6875
suffer,-1.0,-1.0,-1.0,-0.625,-1.0,-0.90625
suffice,1.0,1.0,1.0,1.0,1.0,1.0
suggest,1.0,1.0,1.0,1.0,1.0,1.0
suggestions,1.0,1.0,1.0,1.0,1.0,1.0
super,1.0,1.0,1.0,0.725,0.0,0.93125
superior,1.0,1.0,1.0,0.625,1.0,0.90625
support,1.0,1.0,1.0,0.425,0.0,0.85625
supported,0.6625,0.6625,1.0,0.325,1.0,0.6625000000000001
suppose,0.0,0.0,0.0,0.0,0.0,0.0
supposed,-1.0,-1.0,-1.0,-1.0,0.0,-1.0
sure,1.0,1.0,0.775,0.325,1.0,0.775
surprise,0.0,0.0,0.09166666666666667,0.275,1.0,0.09166666666666667
surprised,0.225,0.225,0.225,0.225,1.0,0.225
swear,-1.0,-1.0,-0.6833333333333332,-0.05,0.0,-0.6833333333333332
swore,-1.0,-1.0,-1.0,-1.0,0.0,-1.0
sworn,1.0,1.0,1.0,1.0,0.0,1.0
terrible,-1.0,-1.0,-1.0,-0.525,-1.0,-0.88125
terribly,-1.0,-1.0,-1.0,-0.65,-1.0,-0.9125
terrific,1.0,1.0,1.0,0.525,1.0,0.88125
thank,1.0,1.0,1.0,0.375,1.0,0.84375
thanks,0.475,0.475,0.475,0.475,1.0,0.475
thicker,-1.0,-1.0,-1.0,-1.0,1.0,-1.0
think,0.0,0.0,0.0,0.0,0.0,0.0
thinking,0.0,0.0,0.0,0.0,0.0,0.0
though,0.0,0.0,0.0,0.0,0.0,0.0
thought,0.0,0.0,0.0,0.0,0.0,0.0
thrilled,0.7375,0.7375,1.0,0.475,1.0,0.7375
throw,-1.0,-1.0,-1.0,-1.0,-1.0,-1.0
thus,0.0,0.0,0.0,0.0,0.0,0.0
tiny,-1.0,-1.0,-1.0,-1.0,0.0,-1.0
tired,-1.0,-1.0,-1.0,-0.475,-1.0,-0.86875
top,1.0,1.0,1.0,0.2,1.0,0.8
tops,0.7875,0.7875,1.0,0.575,1.0,0.7875000000000001
torture,-1.0,-1.0,-1.0,-0.725,-1.0,-0.93125
touch,0.0,0.0,0.0,0.0,0.0,0.0
touches,0.0,0.0,0.0,0.0,0.0,0.0
tough,0.4375,0.4375,1.0,-0.125,1.0,0.4375
transport,0.0,0.0,0.0,0.0,0.0,0.0
trash,-1.0,-1.0,-1.0,-1.0,-1.0,-1.0
trendy,1.0,1.0,1.0,1.0,1.0,1.0
trial,-1.0,-1.0,-1.0,-1.0,-1.0,-1.0
trouble,-1.0,-1.0,-1.0,-0.425,-1.0,-0.85625
true,1.0,1.0,0.8166666666666668,0.45,1.0,0.8166666666666668
truly,1.0,1.0,0.8250000000000001,0.475,0.0,0.8250000000000001
trusted,0.7625,0.7625,1.0,0.525,1.0,0.7625
trying,-1.0,-1.0,-1.0,-1.0,0.0,-1.0
ugly,-1.0,-1.0,-1.0,-0.575,-1.0,-0.89375
ultra,1.0,1.0,1.0,1.0,1.0,1.0
unable,-1.0,-1.0,-1.0,-1.0,-1.0,-1.0
unbearable,-1.0,-1.0,-1.0,-1.0,-1.0,-1.0
unconcerned,1.0,1.0,0.5916666666666667,-0.225,1.0,0.5916666666666667
understand,1.0,1.0,1.0,1.0,0.0,1.0
understanding,1.0,1.0,1.0,1.0,0.0,1.0
understood,1.0,1.0,1.0,1.0,0.0,1.0
unexpected,-1.0,-1.0,-1.0,-1.0,-1.0,-1.0
unexpectedly,-1.0,-1.0,-1.0,-1.0,-1.0,-1.0
unhappy,-1.0,-1.0,-1.0,-0.45,-1.0,-0.8625
unimpressed,-0.35,-0.35,-0.35,-0.35,-1.0,-0.35
unique,1.0,1.0,1.0,1.0,1.0,1.0
universal,1.0,1.0,1.0,1.0,1.0,1.0
unnecessary,-1.0,-1.0,-1.0,-1.0,-1.0,-1.0
unparalleled,1.0,1.0,1.0,1.0,1.0,1.0
unprecedented,-1.0,-1.0,-1.0,-1.0,1.0,-1.0
unresponsive,-1.0,-1.0,-1.0,-1.0,-1.0,-1.0
unrivaled,1.0,1.0,1.0,1.0,1.0,1.0
unusable,-1.0,-1.0,-1.0,-1.0,-1.0,-1.0
unusual,-1.0,-1.0,-1.0,-1.0,-1.0,-1.0
upgradable,1.0,1.0,1.0,1.0,1.0,1.0
upgrade,1.0,1.0,1.0,1.0,0.0,1.0
upgraded,1.0,1.0,1.0,1.0,0.0,1.0
upset,-1.0,-1.0,-1.0,-0.4,-1.0,-0.85
useful,1.0,1.0,1.0,0.475,1.0,0.86875
useless,-1.0,-1.0,-1.0,-0.45,-1.0,-0.8625
value,1.0,1.0,0.7833333333333333,0.35,0.0,0.7833333333333333
versatile,1.0,1.0,1.0,1.0,1.0,1.0
very,0.0,0.0,0.0,0.0,0.0,0.0
vibrant,1.0,1.0,1.0,0.6,1.0,0.9
vibration,-1.0,-1.0,-1.0,-1.0,-1.0,-1.0
virus,-1.0,-1.0,-1.0,-1.0,0.0,-1.0
vivid,1.0,1.0,1.0,1.0,1.0,1.0
want,1.0,1.0,0.6916666666666668,0.075,0.0,0.6916666666666668
warm,1.0,1.0,1.0,0.225,0.0,0.80625
warning,-1.0,-1.0,-1.0,-0.35,-1.0,-0.8375
waste,-1.0,-1.0,-1.0,-0.45,-1.0,-0.8625
wasting,-0.7125,-0.7125,-1.0,-0.425,-1.0,-0.7124999999999999
wd,0.675,0.675,0.675,0.675,0.0,0.675
weak,-1.0,-1.0,-1.0,-0.475,-1.0,-0.86875
weaknesses,-1.0,-1.0,-1.0,-0.375,-1.0,-0.84375
weird,-1.0,-1.0,-1.0,-0.175,-1.0,-0.79375
well,1.0,1.0,1.0,0.275,1.0,0.81875
whatever,-1.0,-1.0,-1.0,-1.0,0.0,-1.0
white,1.0,1.0,1.0,1.0,0.0,1.0
wide,1.0,1.0,1.0,1.0,1.0,1.0
will,1.0,1.0,1.0,1.0,0.0,1.0
willing,1.0,1.0,1.0,1.0,0.0,1.0
win,0.85,0.85,1.0,0.7,0.0,0.8500000000000001
winner,0.85,0.85,1.0,0.7,1.0,0.8500000000000001
winning,0.8,0.8,1.0,0.6,1.0,0.8
wise,1.0,1.0,1.0,0.525,1.0,0.88125
wish,1.0,1.0,0.8083333333333332,0.425,0.0,0.8083333333333332
wonder,1.0,1.0,1.0,1.0,1.0,1.0
wonderful,1.0,1.0,1.0,0.675,1.0,0.91875
wonderfully,1.0,1.0,1.0,0.725,1.0,0.93125
work,1.0,1.0,1.0,1.0,1.0,1.0
worked,1.0,1.0,1.0,1.0,1.0,1.0
works,1.0,1.0,1.0,1.0,1.0,1.0
worried,-1.0,-1.0,-1.0,-0.3,-1.0,-0.825
worry,-1.0,-1.0,-1.0,-0.475,-1.0,-0.86875
worse,-1.0,-1.0,-1.0,-0.525,-1.0,-0.88125
worst,-1.0,-1.0,-1.0,-0.775,-1.0,-0.94375
worth,1.0,1.0,1.0,0.225,1.0,0.80625
worthless,-1.0,-1.0,-1.0,-0.475,-1.0,-0.86875
would,0.0,0.0,0.0,0.0,0.0,0.0
wow,1.0,1.0,1.0,0.7,1.0,0.925
wrong,-1.0,-1.0,-1.0,-0.525,-1.0,-0.88125
xp,0.35,0.35,0.35,0.35,0.0,0.35
yeah,0.0,0.0,0.1,0.3,0.0,0.1
yes,1.0,1.0,0.8083333333333332,0.425,0.0,0.8083333333333332
not,-1.0,-1.0,-1.0,-1.0,-1.0,-1.0
n't,-1.0,-1.0,-1.0,-1.0,-1.0,-1.0
